Sum of Sales,Order Date,forecastValue,confidenceHighBound,confidenceLowBound
16.448,2015-01-03 00:00:00,,,
288.06,2015-01-04 00:00:00,,,
19.536,2015-01-05 00:00:00,,,
4407.1,2015-01-06 00:00:00,,,
87.158,2015-01-07 00:00:00,,,
40.544,2015-01-09 00:00:00,,,
54.83,2015-01-10 00:00:00,,,
9.94,2015-01-11 00:00:00,,,
3553.795,2015-01-13 00:00:00,,,
61.96,2015-01-14 00:00:00,,,
149.95,2015-01-15 00:00:00,,,
299.964,2015-01-16 00:00:00,,,
64.864,2015-01-18 00:00:00,,,
378.594,2015-01-19 00:00:00,,,
2673.87,2015-01-20 00:00:00,,,
40.08,2015-01-23 00:00:00,,,
1097.25,2015-01-26 00:00:00,,,
426.67,2015-01-27 00:00:00,,,
3.928,2015-01-28 00:00:00,,,
240.5,2015-01-30 00:00:00,,,
290.666,2015-01-31 00:00:00,,,
468.9,2015-02-01 00:00:00,,,
211.646,2015-02-02 00:00:00,,,
97.112,2015-02-03 00:00:00,,,
134.384,2015-02-04 00:00:00,,,
330.512,2015-02-06 00:00:00,,,
180.32,2015-02-07 00:00:00,,,
14.56,2015-02-08 00:00:00,,,
2043.4,2015-02-11 00:00:00,,,
129.568,2015-02-12 00:00:00,,,
576.726,2015-02-14 00:00:00,,,
21.36,2015-02-15 00:00:00,,,
9.04,2015-02-16 00:00:00,,,
54.208,2015-02-17 00:00:00,,,
37.784,2015-02-18 00:00:00,,,
95.59,2015-02-20 00:00:00,,,
8.85,2015-02-21 00:00:00,,,
19.44,2015-02-22 00:00:00,,,
11.364,2015-02-23 00:00:00,,,
55.672,2015-02-24 00:00:00,,,
19.456,2015-02-27 00:00:00,,,
2203.151,2015-03-01 00:00:00,,,
47.76,2015-03-02 00:00:00,,,
1345.892,2015-03-03 00:00:00,,,
370.452,2015-03-04 00:00:00,,,
705.562,2015-03-05 00:00:00,,,
1561.062,2015-03-07 00:00:00,,,
741.956,2015-03-10 00:00:00,,,
918.314,2015-03-11 00:00:00,,,
2108.55,2015-03-14 00:00:00,,,
370.782,2015-03-15 00:00:00,,,
471.92,2015-03-16 00:00:00,,,
3960.358,2015-03-17 00:00:00,,,
28106.716,2015-03-18 00:00:00,,,
590.762,2015-03-19 00:00:00,,,
4109.816,2015-03-21 00:00:00,,,
464.093,2015-03-22 00:00:00,,,
945.064,2015-03-23 00:00:00,,,
65.38,2015-03-24 00:00:00,,,
459.146,2015-03-25 00:00:00,,,
145.13,2015-03-26 00:00:00,,,
1493.216,2015-03-28 00:00:00,,,
890.841,2015-03-29 00:00:00,,,
1170.322,2015-03-30 00:00:00,,,
1959.552,2015-03-31 00:00:00,,,
119.888,2015-04-01 00:00:00,,,
1458.558,2015-04-02 00:00:00,,,
475.844,2015-04-04 00:00:00,,,
5179.738,2015-04-05 00:00:00,,,
1650.69,2015-04-06 00:00:00,,,
1021.17,2015-04-07 00:00:00,,,
1958.75,2015-04-08 00:00:00,,,
1915.24,2015-04-11 00:00:00,,,
1872.443,2015-04-12 00:00:00,,,
638.576,2015-04-13 00:00:00,,,
294.72,2015-04-15 00:00:00,,,
39.072,2015-04-16 00:00:00,,,
1020.532,2015-04-18 00:00:00,,,
205.47,2015-04-19 00:00:00,,,
1250.45,2015-04-20 00:00:00,,,
845.36,2015-04-21 00:00:00,,,
257.752,2015-04-22 00:00:00,,,
643.98,2015-04-23 00:00:00,,,
2379.994,2015-04-25 00:00:00,,,
282.568,2015-04-26 00:00:00,,,
2578.476,2015-04-28 00:00:00,,,
768.844,2015-04-29 00:00:00,,,
1048.74,2015-04-30 00:00:00,,,
506.12,2015-05-02 00:00:00,,,
72.632,2015-05-03 00:00:00,,,
187.432,2015-05-04 00:00:00,,,
260.977,2015-05-05 00:00:00,,,
254.456,2015-05-06 00:00:00,,,
1091.35,2015-05-07 00:00:00,,,
1799.97,2015-05-08 00:00:00,,,
394.48,2015-05-09 00:00:00,,,
2343.799,2015-05-10 00:00:00,,,
1642.802,2015-05-11 00:00:00,,,
734.846,2015-05-12 00:00:00,,,
898.382,2015-05-13 00:00:00,,,
310.88,2015-05-14 00:00:00,,,
289.28,2015-05-16 00:00:00,,,
91.68,2015-05-17 00:00:00,,,
944.964,2015-05-18 00:00:00,,,
91.62,2015-05-19 00:00:00,,,
320.104,2015-05-20 00:00:00,,,
4264.328,2015-05-21 00:00:00,,,
180.93,2015-05-22 00:00:00,,,
323.758,2015-05-23 00:00:00,,,
116.28,2015-05-24 00:00:00,,,
119.54,2015-05-25 00:00:00,,,
1325.718,2015-05-26 00:00:00,,,
2157.394,2015-05-27 00:00:00,,,
221.968,2015-05-28 00:00:00,,,
1924.913,2015-05-30 00:00:00,,,
773.7,2015-05-31 00:00:00,,,
5188.52,2015-06-01 00:00:00,,,
738.598,2015-06-02 00:00:00,,,
531.16,2015-06-03 00:00:00,,,
456.272,2015-06-04 00:00:00,,,
1374.001,2015-06-06 00:00:00,,,
281.397,2015-06-07 00:00:00,,,
2501.264,2015-06-08 00:00:00,,,
5463.008,2015-06-09 00:00:00,,,
491.55,2015-06-10 00:00:00,,,
14.52,2015-06-13 00:00:00,,,
212.94,2015-06-14 00:00:00,,,
942.974,2015-06-15 00:00:00,,,
763.792,2015-06-16 00:00:00,,,
3356.486,2015-06-17 00:00:00,,,
139.8,2015-06-18 00:00:00,,,
1828.9496,2015-06-20 00:00:00,,,
4107.443,2015-06-21 00:00:00,,,
1975.498,2015-06-22 00:00:00,,,
109.496,2015-06-23 00:00:00,,,
4.272,2015-06-24 00:00:00,,,
792.76,2015-06-25 00:00:00,,,
616.14,2015-06-27 00:00:00,,,
1645.791,2015-06-28 00:00:00,,,
46.68,2015-06-29 00:00:00,,,
739.624,2015-06-30 00:00:00,,,
601.024,2015-07-01 00:00:00,,,
79.56,2015-07-02 00:00:00,,,
247.408,2015-07-04 00:00:00,,,
1444.104,2015-07-05 00:00:00,,,
1038.472,2015-07-06 00:00:00,,,
241.194,2015-07-07 00:00:00,,,
763.074,2015-07-08 00:00:00,,,
265.521,2015-07-09 00:00:00,,,
2022.356,2015-07-11 00:00:00,,,
1960.012,2015-07-12 00:00:00,,,
351.216,2015-07-13 00:00:00,,,
292.594,2015-07-14 00:00:00,,,
9.51,2015-07-15 00:00:00,,,
273.04,2015-07-18 00:00:00,,,
461.326,2015-07-19 00:00:00,,,
2285.786,2015-07-20 00:00:00,,,
1961.482,2015-07-21 00:00:00,,,
1348.344,2015-07-22 00:00:00,,,
2613.184,2015-07-23 00:00:00,,,
8341.29,2015-07-25 00:00:00,,,
5039.994,2015-07-26 00:00:00,,,
580.06,2015-07-27 00:00:00,,,
193.152,2015-07-28 00:00:00,,,
1367.84,2015-07-30 00:00:00,,,
228.328,2015-08-01 00:00:00,,,
886.28,2015-08-02 00:00:00,,,
477.994,2015-08-03 00:00:00,,,
2743.154,2015-08-04 00:00:00,,,
2408.724,2015-08-05 00:00:00,,,
262.89,2015-08-06 00:00:00,,,
3955.629,2015-08-08 00:00:00,,,
3605.685,2015-08-09 00:00:00,,,
451.62,2015-08-11 00:00:00,,,
1545.73,2015-08-12 00:00:00,,,
337.5,2015-08-15 00:00:00,,,
853.092,2015-08-16 00:00:00,,,
500.342,2015-08-17 00:00:00,,,
1439.106,2015-08-19 00:00:00,,,
1838.722,2015-08-20 00:00:00,,,
23.104,2015-08-22 00:00:00,,,
565.224,2015-08-23 00:00:00,,,
59.74,2015-08-24 00:00:00,,,
1451.65,2015-08-25 00:00:00,,,
366.81,2015-08-26 00:00:00,,,
2070.13,2015-08-27 00:00:00,,,
832.3225,2015-08-29 00:00:00,,,
121.24,2015-08-30 00:00:00,,,
92.52,2015-08-31 00:00:00,,,
469.436,2015-09-01 00:00:00,,,
3254.15,2015-09-02 00:00:00,,,
22.08,2015-09-03 00:00:00,,,
296.304,2015-09-05 00:00:00,,,
100.36,2015-09-06 00:00:00,,,
3523.875,2015-09-07 00:00:00,,,
14228.428,2015-09-08 00:00:00,,,
4043.588,2015-09-09 00:00:00,,,
1855.228,2015-09-10 00:00:00,,,
127.95,2015-09-11 00:00:00,,,
4904.66,2015-09-12 00:00:00,,,
1275.408,2015-09-13 00:00:00,,,
5023.716,2015-09-14 00:00:00,,,
133.436,2015-09-15 00:00:00,,,
33.552,2015-09-16 00:00:00,,,
820.523,2015-09-17 00:00:00,,,
9338.637,2015-09-19 00:00:00,,,
5335.968,2015-09-20 00:00:00,,,
2679.652,2015-09-21 00:00:00,,,
1240.266,2015-09-22 00:00:00,,,
10662.337,2015-09-23 00:00:00,,,
211.96,2015-09-24 00:00:00,,,
354.8888,2015-09-25 00:00:00,,,
1326.79,2015-09-26 00:00:00,,,
773.44,2015-09-27 00:00:00,,,
490.292,2015-09-28 00:00:00,,,
8109.07,2015-09-29 00:00:00,,,
987.532,2015-09-30 00:00:00,,,
4.71,2015-10-01 00:00:00,,,
598.144,2015-10-02 00:00:00,,,
862.683,2015-10-03 00:00:00,,,
728.748,2015-10-04 00:00:00,,,
191.9,2015-10-05 00:00:00,,,
494.71,2015-10-06 00:00:00,,,
237.36,2015-10-07 00:00:00,,,
147.392,2015-10-08 00:00:00,,,
249.36,2015-10-09 00:00:00,,,
2049.386,2015-10-10 00:00:00,,,
1381.164,2015-10-11 00:00:00,,,
58.53,2015-10-12 00:00:00,,,
2212.182,2015-10-13 00:00:00,,,
4525.484,2015-10-14 00:00:00,,,
206.724,2015-10-15 00:00:00,,,
194.322,2015-10-16 00:00:00,,,
136.068,2015-10-17 00:00:00,,,
3134.916,2015-10-18 00:00:00,,,
641.104,2015-10-19 00:00:00,,,
1501.104,2015-10-20 00:00:00,,,
1356.602,2015-10-21 00:00:00,,,
223.808,2015-10-22 00:00:00,,,
56.49,2015-10-24 00:00:00,,,
103.882,2015-10-25 00:00:00,,,
447.88,2015-10-26 00:00:00,,,
22.32,2015-10-27 00:00:00,,,
1510.582,2015-10-28 00:00:00,,,
2813.812,2015-10-29 00:00:00,,,
5362.026,2015-10-31 00:00:00,,,
4637.816,2015-11-01 00:00:00,,,
2126.37,2015-11-02 00:00:00,,,
2784.163,2015-11-03 00:00:00,,,
6693.748,2015-11-04 00:00:00,,,
1694.564,2015-11-05 00:00:00,,,
1302.454,2015-11-07 00:00:00,,,
333.576,2015-11-08 00:00:00,,,
1574.094,2015-11-09 00:00:00,,,
2002.556,2015-11-10 00:00:00,,,
7836.978,2015-11-11 00:00:00,,,
901.6492,2015-11-12 00:00:00,,,
1034.73,2015-11-14 00:00:00,,,
1780.822,2015-11-15 00:00:00,,,
1355.9285,2015-11-16 00:00:00,,,
11544.274,2015-11-17 00:00:00,,,
3406.855,2015-11-18 00:00:00,,,
7226.086,2015-11-19 00:00:00,,,
907.56,2015-11-20 00:00:00,,,
1249.622,2015-11-21 00:00:00,,,
1103.298,2015-11-22 00:00:00,,,
1363.28,2015-11-23 00:00:00,,,
5572.864,2015-11-24 00:00:00,,,
4415.695,2015-11-25 00:00:00,,,
1705.99,2015-11-26 00:00:00,,,
203.66,2015-11-27 00:00:00,,,
2280.83,2015-11-28 00:00:00,,,
649.044,2015-11-29 00:00:00,,,
219.154,2015-11-30 00:00:00,,,
5624.39,2015-12-01 00:00:00,,,
1771.808,2015-12-02 00:00:00,,,
505.88,2015-12-03 00:00:00,,,
129.98,2015-12-04 00:00:00,,,
2963.642,2015-12-05 00:00:00,,,
1970.978,2015-12-06 00:00:00,,,
548.4,2015-12-07 00:00:00,,,
1095.12,2015-12-08 00:00:00,,,
1522.652,2015-12-09 00:00:00,,,
573.336,2015-12-10 00:00:00,,,
4938.4045,2015-12-12 00:00:00,,,
293.152,2015-12-13 00:00:00,,,
7641.658,2015-12-14 00:00:00,,,
1264.466,2015-12-15 00:00:00,,,
4065.595,2015-12-16 00:00:00,,,
45.534,2015-12-17 00:00:00,,,
3436.76,2015-12-19 00:00:00,,,
6962.44,2015-12-20 00:00:00,,,
1933.44,2015-12-21 00:00:00,,,
798.968,2015-12-22 00:00:00,,,
942.108,2015-12-23 00:00:00,,,
1950.202,2015-12-24 00:00:00,,,
2041.414,2015-12-26 00:00:00,,,
2966.388,2015-12-27 00:00:00,,,
2682.326,2015-12-28 00:00:00,,,
2072.096,2015-12-29 00:00:00,,,
2172.651,2015-12-30 00:00:00,,,
5253.27,2015-12-31 00:00:00,,,
1932.096,2016-01-02 00:00:00,,,
1768.2216,2016-01-03 00:00:00,,,
264.46,2016-01-04 00:00:00,,,
295.272,2016-01-05 00:00:00,,,
31.538,2016-01-06 00:00:00,,,
364.07,2016-01-09 00:00:00,,,
1018.104,2016-01-10 00:00:00,,,
747.496,2016-01-12 00:00:00,,,
622.278,2016-01-13 00:00:00,,,
350.384,2016-01-17 00:00:00,,,
301.742,2016-01-19 00:00:00,,,
43.66,2016-01-23 00:00:00,,,
13.12,2016-01-24 00:00:00,,,
182.72,2016-01-26 00:00:00,,,
3573.252,2016-01-27 00:00:00,,,
4297.644,2016-01-28 00:00:00,,,
2161.64,2016-01-30 00:00:00,,,
99.26,2016-01-31 00:00:00,,,
492.836,2016-02-03 00:00:00,,,
2432.544,2016-02-06 00:00:00,,,
324.11,2016-02-07 00:00:00,,,
129.092,2016-02-08 00:00:00,,,
785.552,2016-02-09 00:00:00,,,
77.24,2016-02-10 00:00:00,,,
1079.962,2016-02-14 00:00:00,,,
1602.38,2016-02-15 00:00:00,,,
160.43,2016-02-16 00:00:00,,,
105.844,2016-02-18 00:00:00,,,
316.78,2016-02-20 00:00:00,,,
2591.1,2016-02-21 00:00:00,,,
79.36,2016-02-22 00:00:00,,,
37.776,2016-02-23 00:00:00,,,
25.87,2016-02-25 00:00:00,,,
1159.271,2016-02-27 00:00:00,,,
551.264,2016-02-28 00:00:00,,,
1642.1744,2016-03-01 00:00:00,,,
899.57,2016-03-02 00:00:00,,,
1969.267,2016-03-05 00:00:00,,,
1555.244,2016-03-06 00:00:00,,,
807.54,2016-03-07 00:00:00,,,
2563.296,2016-03-08 00:00:00,,,
478.008,2016-03-09 00:00:00,,,
90.932,2016-03-10 00:00:00,,,
51.016,2016-03-12 00:00:00,,,
1384.856,2016-03-13 00:00:00,,,
707.9,2016-03-14 00:00:00,,,
16.776,2016-03-15 00:00:00,,,
7230.21,2016-03-16 00:00:00,,,
48.84,2016-03-17 00:00:00,,,
5203.89,2016-03-19 00:00:00,,,
102.52,2016-03-20 00:00:00,,,
1270.379,2016-03-21 00:00:00,,,
2481.424,2016-03-22 00:00:00,,,
633.302,2016-03-23 00:00:00,,,
412.95,2016-03-24 00:00:00,,,
131.16,2016-03-26 00:00:00,,,
83.7,2016-03-27 00:00:00,,,
243.344,2016-03-28 00:00:00,,,
1559.08,2016-03-29 00:00:00,,,
571.224,2016-03-30 00:00:00,,,
200.716,2016-03-31 00:00:00,,,
299.22,2016-04-02 00:00:00,,,
1484.598,2016-04-04 00:00:00,,,
2974.058,2016-04-05 00:00:00,,,
140.004,2016-04-06 00:00:00,,,
907.436,2016-04-07 00:00:00,,,
757.992,2016-04-09 00:00:00,,,
169.542,2016-04-10 00:00:00,,,
1328.346,2016-04-11 00:00:00,,,
3192.678,2016-04-13 00:00:00,,,
35.208,2016-04-14 00:00:00,,,
4161.972,2016-04-16 00:00:00,,,
2745.106,2016-04-17 00:00:00,,,
2006.96,2016-04-18 00:00:00,,,
329.96,2016-04-19 00:00:00,,,
1194.726,2016-04-20 00:00:00,,,
893.09,2016-04-21 00:00:00,,,
152.916,2016-04-22 00:00:00,,,
25.99,2016-04-24 00:00:00,,,
920.946,2016-04-25 00:00:00,,,
2090.1055,2016-04-26 00:00:00,,,
2719.59,2016-04-27 00:00:00,,,
4044.362,2016-04-28 00:00:00,,,
7.968,2016-04-29 00:00:00,,,
1571.695,2016-04-30 00:00:00,,,
450.94,2016-05-01 00:00:00,,,
167.232,2016-05-02 00:00:00,,,
2198.76,2016-05-03 00:00:00,,,
1121.362,2016-05-04 00:00:00,,,
305.622,2016-05-07 00:00:00,,,
3981.968,2016-05-08 00:00:00,,,
48.81,2016-05-09 00:00:00,,,
154.442,2016-05-10 00:00:00,,,
191.968,2016-05-11 00:00:00,,,
1060.35,2016-05-12 00:00:00,,,
238.384,2016-05-13 00:00:00,,,
3141.1995,2016-05-14 00:00:00,,,
69.908,2016-05-15 00:00:00,,,
255.968,2016-05-16 00:00:00,,,
47.368,2016-05-17 00:00:00,,,
10.86,2016-05-18 00:00:00,,,
169.544,2016-05-20 00:00:00,,,
72.332,2016-05-21 00:00:00,,,
3862.098,2016-05-22 00:00:00,,,
1304.956,2016-05-23 00:00:00,,,
610.307,2016-05-24 00:00:00,,,
1739.418,2016-05-25 00:00:00,,,
982.564,2016-05-26 00:00:00,,,
794.146,2016-05-28 00:00:00,,,
1119.786,2016-05-29 00:00:00,,,
681.1,2016-05-30 00:00:00,,,
5178.138,2016-05-31 00:00:00,,,
834.198,2016-06-01 00:00:00,,,
1192.31,2016-06-04 00:00:00,,,
1533.198,2016-06-05 00:00:00,,,
59.768,2016-06-07 00:00:00,,,
145.504,2016-06-08 00:00:00,,,
797.116,2016-06-09 00:00:00,,,
3373.564,2016-06-11 00:00:00,,,
174.476,2016-06-12 00:00:00,,,
1128.898,2016-06-13 00:00:00,,,
51.072,2016-06-14 00:00:00,,,
734.144,2016-06-15 00:00:00,,,
3443.904,2016-06-16 00:00:00,,,
1883.087,2016-06-18 00:00:00,,,
446.346,2016-06-19 00:00:00,,,
829.544,2016-06-20 00:00:00,,,
107.976,2016-06-21 00:00:00,,,
2018.953,2016-06-22 00:00:00,,,
836.958,2016-06-23 00:00:00,,,
857.08,2016-06-25 00:00:00,,,
1592.196,2016-06-26 00:00:00,,,
1126.156,2016-06-28 00:00:00,,,
432.926,2016-06-29 00:00:00,,,
1631.902,2016-07-02 00:00:00,,,
823.982,2016-07-03 00:00:00,,,
1138.288,2016-07-04 00:00:00,,,
121.646,2016-07-05 00:00:00,,,
1379.812,2016-07-06 00:00:00,,,
21.12,2016-07-08 00:00:00,,,
1587.114,2016-07-09 00:00:00,,,
43.286,2016-07-10 00:00:00,,,
1941.952,2016-07-11 00:00:00,,,
2052.567,2016-07-12 00:00:00,,,
2033.256,2016-07-13 00:00:00,,,
860.916,2016-07-14 00:00:00,,,
3029.386,2016-07-16 00:00:00,,,
448.082,2016-07-17 00:00:00,,,
525.72,2016-07-18 00:00:00,,,
2.025,2016-07-19 00:00:00,,,
2693.168,2016-07-20 00:00:00,,,
208.272,2016-07-23 00:00:00,,,
525.95,2016-07-24 00:00:00,,,
2395.024,2016-07-25 00:00:00,,,
958.857,2016-07-26 00:00:00,,,
29.97,2016-07-27 00:00:00,,,
443.802,2016-07-30 00:00:00,,,
3712.162,2016-07-31 00:00:00,,,
1011.696,2016-08-01 00:00:00,,,
1290.478,2016-08-02 00:00:00,,,
72.65,2016-08-05 00:00:00,,,
494.8692,2016-08-06 00:00:00,,,
968.206,2016-08-07 00:00:00,,,
760.112,2016-08-08 00:00:00,,,
4878.392,2016-08-09 00:00:00,,,
851.474,2016-08-10 00:00:00,,,
196.112,2016-08-11 00:00:00,,,
586.896,2016-08-13 00:00:00,,,
497.59,2016-08-15 00:00:00,,,
3378.932,2016-08-16 00:00:00,,,
381.64,2016-08-17 00:00:00,,,
2827.52,2016-08-21 00:00:00,,,
66.632,2016-08-22 00:00:00,,,
1202.278,2016-08-23 00:00:00,,,
7194.775,2016-08-24 00:00:00,,,
178.526,2016-08-25 00:00:00,,,
639.974,2016-08-27 00:00:00,,,
6491.293,2016-08-28 00:00:00,,,
246.5,2016-08-29 00:00:00,,,
2601.797,2016-08-31 00:00:00,,,
2367.564,2016-09-01 00:00:00,,,
1874.898,2016-09-03 00:00:00,,,
1071.284,2016-09-04 00:00:00,,,
934.103,2016-09-05 00:00:00,,,
919.674,2016-09-06 00:00:00,,,
2922.667,2016-09-07 00:00:00,,,
89.64,2016-09-08 00:00:00,,,
1415.726,2016-09-10 00:00:00,,,
1962.13,2016-09-11 00:00:00,,,
707.824,2016-09-12 00:00:00,,,
2109.42,2016-09-13 00:00:00,,,
3262.42,2016-09-14 00:00:00,,,
2535.85,2016-09-15 00:00:00,,,
31.12,2016-09-16 00:00:00,,,
11525.006,2016-09-17 00:00:00,,,
3924.32,2016-09-18 00:00:00,,,
500.38,2016-09-19 00:00:00,,,
1836.052,2016-09-20 00:00:00,,,
6982.058,2016-09-21 00:00:00,,,
1783.504,2016-09-22 00:00:00,,,
4180.614,2016-09-24 00:00:00,,,
3033.757,2016-09-25 00:00:00,,,
3722.273,2016-09-26 00:00:00,,,
2382.958,2016-09-27 00:00:00,,,
1058.364,2016-09-28 00:00:00,,,
1158.414,2016-10-01 00:00:00,,,
1269.266,2016-10-02 00:00:00,,,
275.218,2016-10-03 00:00:00,,,
505.58,2016-10-04 00:00:00,,,
851.092,2016-10-05 00:00:00,,,
222.12,2016-10-08 00:00:00,,,
2133.535,2016-10-09 00:00:00,,,
1855.008,2016-10-10 00:00:00,,,
1011.8955,2016-10-11 00:00:00,,,
2390.758,2016-10-12 00:00:00,,,
371.66,2016-10-13 00:00:00,,,
3219.554,2016-10-15 00:00:00,,,
824.97,2016-10-16 00:00:00,,,
77.88,2016-10-17 00:00:00,,,
378.494,2016-10-18 00:00:00,,,
2135.09,2016-10-19 00:00:00,,,
720.086,2016-10-20 00:00:00,,,
15.128,2016-10-22 00:00:00,,,
2262.296,2016-10-23 00:00:00,,,
831.145,2016-10-24 00:00:00,,,
1425.412,2016-10-25 00:00:00,,,
1395.333,2016-10-26 00:00:00,,,
104.51,2016-10-28 00:00:00,,,
244.24,2016-10-29 00:00:00,,,
2122.044,2016-10-30 00:00:00,,,
3211.009,2016-10-31 00:00:00,,,
3106.106,2016-11-01 00:00:00,,,
5528.551,2016-11-02 00:00:00,,,
2800.846,2016-11-03 00:00:00,,,
834.874,2016-11-05 00:00:00,,,
11.481,2016-11-06 00:00:00,,,
3073.073,2016-11-07 00:00:00,,,
12196.997,2016-11-08 00:00:00,,,
4620.292,2016-11-09 00:00:00,,,
3536.904,2016-11-10 00:00:00,,,
542.178,2016-11-11 00:00:00,,,
1127.992,2016-11-12 00:00:00,,,
2867.9132,2016-11-13 00:00:00,,,
2512.71,2016-11-14 00:00:00,,,
702.17,2016-11-15 00:00:00,,,
4072.334,2016-11-16 00:00:00,,,
3885.986,2016-11-17 00:00:00,,,
1040.784,2016-11-19 00:00:00,,,
2861.15,2016-11-20 00:00:00,,,
3613.5748,2016-11-21 00:00:00,,,
614.499,2016-11-22 00:00:00,,,
3450.188,2016-11-23 00:00:00,,,
1218.764,2016-11-24 00:00:00,,,
13.12,2016-11-25 00:00:00,,,
1484.082,2016-11-26 00:00:00,,,
3109.7835,2016-11-27 00:00:00,,,
1864.482,2016-11-28 00:00:00,,,
2760.168,2016-11-29 00:00:00,,,
1798.397,2016-11-30 00:00:00,,,
7130.594,2016-12-01 00:00:00,,,
1972.645,2016-12-03 00:00:00,,,
5185.814,2016-12-04 00:00:00,,,
897.322,2016-12-05 00:00:00,,,
6061.502,2016-12-06 00:00:00,,,
1338.298,2016-12-07 00:00:00,,,
2672.728,2016-12-08 00:00:00,,,
34.02,2016-12-09 00:00:00,,,
3080.38,2016-12-10 00:00:00,,,
1590.894,2016-12-11 00:00:00,,,
1448.854,2016-12-12 00:00:00,,,
1023.386,2016-12-13 00:00:00,,,
488.744,2016-12-14 00:00:00,,,
5494.796,2016-12-15 00:00:00,,,
4.98,2016-12-16 00:00:00,,,
1918.492,2016-12-17 00:00:00,,,
935.288,2016-12-18 00:00:00,,,
6120.656,2016-12-19 00:00:00,,,
1107.464,2016-12-20 00:00:00,,,
3257.76,2016-12-21 00:00:00,,,
473.313,2016-12-22 00:00:00,,,
194.32,2016-12-23 00:00:00,,,
7484.566,2016-12-24 00:00:00,,,
4204.968,2016-12-25 00:00:00,,,
561.486,2016-12-26 00:00:00,,,
5148.4472,2016-12-27 00:00:00,,,
79.2,2016-12-28 00:00:00,,,
3251.34,2016-12-30 00:00:00,,,
1381.344,2016-12-31 00:00:00,,,
405.92,2017-01-02 00:00:00,,,
2095.83,2017-01-03 00:00:00,,,
1069.22,2017-01-04 00:00:00,,,
255.904,2017-01-05 00:00:00,,,
83.576,2017-01-07 00:00:00,,,
1859.158,2017-01-08 00:00:00,,,
743.046,2017-01-09 00:00:00,,,
174.75,2017-01-10 00:00:00,,,
149.444,2017-01-11 00:00:00,,,
405.344,2017-01-14 00:00:00,,,
701.923,2017-01-15 00:00:00,,,
102.218,2017-01-16 00:00:00,,,
1040.55,2017-01-17 00:00:00,,,
1167.056,2017-01-21 00:00:00,,,
917.63,2017-01-22 00:00:00,,,
1732.3,2017-01-23 00:00:00,,,
31.36,2017-01-24 00:00:00,,,
858.712,2017-01-25 00:00:00,,,
39.68,2017-01-28 00:00:00,,,
3107.316,2017-01-30 00:00:00,,,
1601.554,2017-01-31 00:00:00,,,
161.97,2017-02-01 00:00:00,,,
8996.784,2017-02-02 00:00:00,,,
866.4,2017-02-03 00:00:00,,,
197.868,2017-02-04 00:00:00,,,
2994.476,2017-02-05 00:00:00,,,
132.224,2017-02-06 00:00:00,,,
762.142,2017-02-07 00:00:00,,,
1369.476,2017-02-08 00:00:00,,,
121.83,2017-02-09 00:00:00,,,
69.93,2017-02-11 00:00:00,,,
1366.04,2017-02-12 00:00:00,,,
146.82,2017-02-13 00:00:00,,,
837.921,2017-02-14 00:00:00,,,
407.072,2017-02-15 00:00:00,,,
1135.638,2017-02-16 00:00:00,,,
392.66,2017-02-19 00:00:00,,,
16.496,2017-02-20 00:00:00,,,
1524.126,2017-02-21 00:00:00,,,
983.17,2017-02-22 00:00:00,,,
57.576,2017-02-23 00:00:00,,,
46.72,2017-02-25 00:00:00,,,
243.892,2017-02-27 00:00:00,,,
147.584,2017-02-28 00:00:00,,,
6285.806,2017-03-01 00:00:00,,,
7264.422,2017-03-03 00:00:00,,,
315.45,2017-03-04 00:00:00,,,
162.344,2017-03-05 00:00:00,,,
811.303,2017-03-06 00:00:00,,,
21.072,2017-03-07 00:00:00,,,
2190.81,2017-03-08 00:00:00,,,
635.6,2017-03-09 00:00:00,,,
7879.734,2017-03-10 00:00:00,,,
896.022,2017-03-11 00:00:00,,,
1694.642,2017-03-12 00:00:00,,,
8866.882,2017-03-13 00:00:00,,,
669.368,2017-03-14 00:00:00,,,
1805.992,2017-03-15 00:00:00,,,
2360.334,2017-03-17 00:00:00,,,
1061.682,2017-03-18 00:00:00,,,
138.68,2017-03-19 00:00:00,,,
928.311,2017-03-20 00:00:00,,,
645.706,2017-03-21 00:00:00,,,
226.468,2017-03-22 00:00:00,,,
745.774,2017-03-24 00:00:00,,,
1346.97,2017-03-25 00:00:00,,,
682.246,2017-03-26 00:00:00,,,
92.7,2017-03-27 00:00:00,,,
125.3,2017-03-28 00:00:00,,,
2659.339,2017-03-29 00:00:00,,,
11.34,2017-03-30 00:00:00,,,
640.762,2017-03-31 00:00:00,,,
2161.48,2017-04-01 00:00:00,,,
1454.9,2017-04-02 00:00:00,,,
441.198,2017-04-03 00:00:00,,,
970.194,2017-04-04 00:00:00,,,
1046.334,2017-04-05 00:00:00,,,
1294.75,2017-04-06 00:00:00,,,
1900.302,2017-04-07 00:00:00,,,
2906.404,2017-04-08 00:00:00,,,
1115.197,2017-04-09 00:00:00,,,
950.594,2017-04-10 00:00:00,,,
1542.53,2017-04-12 00:00:00,,,
6.12,2017-04-13 00:00:00,,,
1466.572,2017-04-14 00:00:00,,,
2201.856,2017-04-15 00:00:00,,,
9335.086,2017-04-16 00:00:00,,,
421.085,2017-04-17 00:00:00,,,
2514.538,2017-04-18 00:00:00,,,
1414.132,2017-04-19 00:00:00,,,
271.616,2017-04-21 00:00:00,,,
1765.465,2017-04-22 00:00:00,,,
720.368,2017-04-23 00:00:00,,,
1607.1,2017-04-24 00:00:00,,,
108.42,2017-04-25 00:00:00,,,
434.646,2017-04-26 00:00:00,,,
486.672,2017-04-28 00:00:00,,,
142.208,2017-04-30 00:00:00,,,
517.866,2017-05-01 00:00:00,,,
767.316,2017-05-02 00:00:00,,,
1099.013,2017-05-03 00:00:00,,,
2701.28,2017-05-05 00:00:00,,,
236.96,2017-05-06 00:00:00,,,
4835.976,2017-05-07 00:00:00,,,
1340.244,2017-05-08 00:00:00,,,
1283.512,2017-05-09 00:00:00,,,
763.02,2017-05-10 00:00:00,,,
5.98,2017-05-11 00:00:00,,,
918.878,2017-05-12 00:00:00,,,
455.93,2017-05-14 00:00:00,,,
648.912,2017-05-15 00:00:00,,,
880.46,2017-05-16 00:00:00,,,
346.922,2017-05-17 00:00:00,,,
122.22,2017-05-18 00:00:00,,,
1582.008,2017-05-19 00:00:00,,,
2471.913,2017-05-20 00:00:00,,,
2718.214,2017-05-21 00:00:00,,,
1799.2,2017-05-22 00:00:00,,,
10560.978,2017-05-23 00:00:00,,,
277.756,2017-05-24 00:00:00,,,
1311.97,2017-05-25 00:00:00,,,
1975.356,2017-05-26 00:00:00,,,
5305.078,2017-05-27 00:00:00,,,
2137.324,2017-05-28 00:00:00,,,
1063.185,2017-05-29 00:00:00,,,
8090.578,2017-05-30 00:00:00,,,
438.859,2017-05-31 00:00:00,,,
157.844,2017-06-02 00:00:00,,,
2316.523,2017-06-04 00:00:00,,,
659.82,2017-06-05 00:00:00,,,
5477.352,2017-06-06 00:00:00,,,
51.562,2017-06-07 00:00:00,,,
1688.472,2017-06-09 00:00:00,,,
1412.396,2017-06-10 00:00:00,,,
1623.416,2017-06-11 00:00:00,,,
2962.563,2017-06-12 00:00:00,,,
430.438,2017-06-13 00:00:00,,,
3457.099,2017-06-14 00:00:00,,,
173.488,2017-06-15 00:00:00,,,
147.275,2017-06-16 00:00:00,,,
3000.92,2017-06-17 00:00:00,,,
541.938,2017-06-18 00:00:00,,,
17.12,2017-06-19 00:00:00,,,
1229.548,2017-06-20 00:00:00,,,
577.108,2017-06-21 00:00:00,,,
2475.094,2017-06-23 00:00:00,,,
5310.952,2017-06-24 00:00:00,,,
893.266,2017-06-25 00:00:00,,,
1919.6,2017-06-26 00:00:00,,,
778.706,2017-06-27 00:00:00,,,
877.156,2017-06-28 00:00:00,,,
191.88,2017-06-29 00:00:00,,,
1352.95,2017-06-30 00:00:00,,,
1724.376,2017-07-01 00:00:00,,,
772.786,2017-07-02 00:00:00,,,
847.7,2017-07-03 00:00:00,,,
1651.301,2017-07-04 00:00:00,,,
3882.231,2017-07-07 00:00:00,,,
2616.512,2017-07-08 00:00:00,,,
573.286,2017-07-09 00:00:00,,,
895.895,2017-07-10 00:00:00,,,
95.76,2017-07-12 00:00:00,,,
2149.96,2017-07-14 00:00:00,,,
380.2,2017-07-15 00:00:00,,,
910.17,2017-07-16 00:00:00,,,
2184.88,2017-07-17 00:00:00,,,
2891.858,2017-07-18 00:00:00,,,
1536.454,2017-07-19 00:00:00,,,
89.95,2017-07-20 00:00:00,,,
991.095,2017-07-21 00:00:00,,,
1368.048,2017-07-22 00:00:00,,,
654.587,2017-07-23 00:00:00,,,
326.964,2017-07-24 00:00:00,,,
4979.308,2017-07-25 00:00:00,,,
2033.374,2017-07-28 00:00:00,,,
819.154,2017-07-29 00:00:00,,,
1770.776,2017-07-30 00:00:00,,,
2174.158,2017-07-31 00:00:00,,,
1124.648,2017-08-01 00:00:00,,,
482.584,2017-08-02 00:00:00,,,
248.82,2017-08-03 00:00:00,,,
497.91,2017-08-04 00:00:00,,,
197.05,2017-08-05 00:00:00,,,
320.388,2017-08-06 00:00:00,,,
179.97,2017-08-07 00:00:00,,,
1115.204,2017-08-08 00:00:00,,,
661.354,2017-08-09 00:00:00,,,
151.82,2017-08-11 00:00:00,,,
3951.9605,2017-08-12 00:00:00,,,
731.524,2017-08-13 00:00:00,,,
923.688,2017-08-14 00:00:00,,,
1680.266,2017-08-15 00:00:00,,,
204.54,2017-08-16 00:00:00,,,
15.712,2017-08-17 00:00:00,,,
496.114,2017-08-18 00:00:00,,,
448.792,2017-08-19 00:00:00,,,
14.78,2017-08-20 00:00:00,,,
4225.118,2017-08-21 00:00:00,,,
405.35,2017-08-22 00:00:00,,,
4187.348,2017-08-23 00:00:00,,,
4874.298,2017-08-26 00:00:00,,,
767.911,2017-08-27 00:00:00,,,
322.0248,2017-08-28 00:00:00,,,
632.188,2017-08-29 00:00:00,,,
1656.87,2017-08-30 00:00:00,,,
23.968,2017-08-31 00:00:00,,,
5766.152,2017-09-01 00:00:00,,,
6792.193,2017-09-02 00:00:00,,,
2365.596,2017-09-03 00:00:00,,,
1707.812,2017-09-04 00:00:00,,,
5226.348,2017-09-05 00:00:00,,,
1313.536,2017-09-06 00:00:00,,,
4493.9836,2017-09-08 00:00:00,,,
84.992,2017-09-09 00:00:00,,,
2094.324,2017-09-10 00:00:00,,,
6402.018,2017-09-11 00:00:00,,,
2043.792,2017-09-12 00:00:00,,,
2374.73,2017-09-13 00:00:00,,,
1137.338,2017-09-14 00:00:00,,,
2101.182,2017-09-15 00:00:00,,,
425.886,2017-09-16 00:00:00,,,
2043.126,2017-09-17 00:00:00,,,
4751.082,2017-09-18 00:00:00,,,
3839.312,2017-09-19 00:00:00,,,
1232.004,2017-09-20 00:00:00,,,
418.062,2017-09-22 00:00:00,,,
1322.145,2017-09-23 00:00:00,,,
2286.05,2017-09-24 00:00:00,,,
2384.003,2017-09-25 00:00:00,,,
2698.1665,2017-09-26 00:00:00,,,
1992.9858,2017-09-27 00:00:00,,,
99.136,2017-09-28 00:00:00,,,
1271.552,2017-09-29 00:00:00,,,
525.884,2017-09-30 00:00:00,,,
781.414,2017-10-01 00:00:00,,,
18452.972,2017-10-02 00:00:00,,,
1680.696,2017-10-03 00:00:00,,,
5912.782,2017-10-04 00:00:00,,,
830.4,2017-10-06 00:00:00,,,
973.712,2017-10-07 00:00:00,,,
561.536,2017-10-08 00:00:00,,,
546.92,2017-10-09 00:00:00,,,
252.361,2017-10-10 00:00:00,,,
33.064,2017-10-11 00:00:00,,,
1650.618,2017-10-13 00:00:00,,,
3335.888,2017-10-14 00:00:00,,,
1620.15,2017-10-15 00:00:00,,,
142.182,2017-10-16 00:00:00,,,
2953.346,2017-10-17 00:00:00,,,
307.92,2017-10-18 00:00:00,,,
946.174,2017-10-20 00:00:00,,,
7877.272,2017-10-21 00:00:00,,,
188.28,2017-10-22 00:00:00,,,
467.422,2017-10-23 00:00:00,,,
1365.498,2017-10-24 00:00:00,,,
783.96,2017-10-25 00:00:00,,,
978.79,2017-10-27 00:00:00,,,
2899.021,2017-10-28 00:00:00,,,
131.154,2017-10-29 00:00:00,,,
159.002,2017-10-30 00:00:00,,,
3750.499,2017-10-31 00:00:00,,,
453.374,2017-11-01 00:00:00,,,
3802.796,2017-11-03 00:00:00,,,
3888.818,2017-11-04 00:00:00,,,
4266.8988,2017-11-05 00:00:00,,,
773.256,2017-11-06 00:00:00,,,
3810.464,2017-11-07 00:00:00,,,
993.9,2017-11-08 00:00:00,,,
479.97,2017-11-09 00:00:00,,,
4723.478,2017-11-10 00:00:00,,,
4944.296,2017-11-11 00:00:00,,,
4914.938,2017-11-12 00:00:00,,,
2945.138,2017-11-13 00:00:00,,,
2774.062,2017-11-14 00:00:00,,,
2145.718,2017-11-15 00:00:00,,,
36.72,2017-11-16 00:00:00,,,
142.684,2017-11-17 00:00:00,,,
3958.932,2017-11-18 00:00:00,,,
638.462,2017-11-19 00:00:00,,,
3070.333,2017-11-20 00:00:00,,,
1176.891,2017-11-21 00:00:00,,,
317.044,2017-11-22 00:00:00,,,
100.616,2017-11-23 00:00:00,,,
6394.538,2017-11-24 00:00:00,,,
7978.551,2017-11-25 00:00:00,,,
8329.743,2017-11-26 00:00:00,,,
1305.769,2017-11-27 00:00:00,,,
3428.372,2017-11-28 00:00:00,,,
300.592,2017-11-29 00:00:00,,,
970.142,2017-11-30 00:00:00,,,
7365.455,2017-12-01 00:00:00,,,
4684.616,2017-12-02 00:00:00,,,
5269.816,2017-12-03 00:00:00,,,
944.286,2017-12-04 00:00:00,,,
5138.934,2017-12-05 00:00:00,,,
2859.974,2017-12-06 00:00:00,,,
4709.095,2017-12-08 00:00:00,,,
1855.483,2017-12-09 00:00:00,,,
3453.23,2017-12-10 00:00:00,,,
6102.25,2017-12-11 00:00:00,,,
1874.045,2017-12-12 00:00:00,,,
1194.088,2017-12-13 00:00:00,,,
828.654,2017-12-14 00:00:00,,,
2637.087,2017-12-15 00:00:00,,,
628.542,2017-12-16 00:00:00,,,
12185.134,2017-12-17 00:00:00,,,
7051.35,2017-12-18 00:00:00,,,
815.112,2017-12-19 00:00:00,,,
134.54,2017-12-20 00:00:00,,,
1043.128,2017-12-22 00:00:00,,,
6965.857,2017-12-23 00:00:00,,,
1938.26,2017-12-24 00:00:00,,,
10488.055,2017-12-25 00:00:00,,,
1829.418,2017-12-26 00:00:00,,,
959.49,2017-12-27 00:00:00,,,
1277.68,2017-12-29 00:00:00,,,
773.774,2017-12-30 00:00:00,,,
731.768,2017-12-31 00:00:00,,,
1481.828,2018-01-01 00:00:00,,,
2079.554,2018-01-02 00:00:00,,,
2070.272,2018-01-03 00:00:00,,,
33.74,2018-01-06 00:00:00,,,
3395.59,2018-01-07 00:00:00,,,
892.98,2018-01-08 00:00:00,,,
274.491,2018-01-09 00:00:00,,,
848.52,2018-01-12 00:00:00,,,
4619.33,2018-01-13 00:00:00,,,
697.338,2018-01-14 00:00:00,,,
2140.28,2018-01-15 00:00:00,,,
6230.292,2018-01-16 00:00:00,,,
2013.715,2018-01-19 00:00:00,,,
767.838,2018-01-20 00:00:00,,,
2546.643,2018-01-21 00:00:00,,,
4212.372,2018-01-22 00:00:00,,,
450.334,2018-01-23 00:00:00,,,
418.666,2018-01-24 00:00:00,,,
3055.28,2018-01-26 00:00:00,,,
331.914,2018-01-27 00:00:00,,,
1007.52,2018-01-28 00:00:00,,,
158.642,2018-01-29 00:00:00,,,
3749.335,2018-01-30 00:00:00,,,
913.354,2018-02-02 00:00:00,,,
922.327,2018-02-03 00:00:00,,,
32.67,2018-02-04 00:00:00,,,
2263.012,2018-02-05 00:00:00,,,
904.354,2018-02-06 00:00:00,,,
773.764,2018-02-09 00:00:00,,,
227.103,2018-02-10 00:00:00,,,
1241.516,2018-02-11 00:00:00,,,
1058.43,2018-02-13 00:00:00,,,
1337.442,2018-02-16 00:00:00,,,
2964.8174,2018-02-17 00:00:00,,,
287.326,2018-02-18 00:00:00,,,
1314.59,2018-02-19 00:00:00,,,
1150.29,2018-02-20 00:00:00,,,
47.904,2018-02-21 00:00:00,,,
117.8,2018-02-23 00:00:00,,,
1448.676,2018-02-24 00:00:00,,,
430.492,2018-02-25 00:00:00,,,
2467.51,2018-02-26 00:00:00,,,
17.62,2018-02-28 00:00:00,,,
1450.126,2018-03-02 00:00:00,,,
2000.104,2018-03-03 00:00:00,,,
228.822,2018-03-04 00:00:00,,,
1240.02,2018-03-05 00:00:00,,,
778.236,2018-03-06 00:00:00,,,
166.59,2018-03-07 00:00:00,,,
843.1,2018-03-08 00:00:00,,,
710.804,2018-03-09 00:00:00,,,
1252.952,2018-03-10 00:00:00,,,
1973.708,2018-03-11 00:00:00,,,
353.28,2018-03-12 00:00:00,,,
4791.35,2018-03-13 00:00:00,,,
49.616,2018-03-14 00:00:00,,,
2014.381,2018-03-16 00:00:00,,,
542.746,2018-03-17 00:00:00,,,
1027.758,2018-03-18 00:00:00,,,
2157.308,2018-03-19 00:00:00,,,
899.568,2018-03-20 00:00:00,,,
3332.636,2018-03-21 00:00:00,,,
14816.068,2018-03-23 00:00:00,,,
1257.298,2018-03-24 00:00:00,,,
3567.026,2018-03-25 00:00:00,,,
3252.88,2018-03-26 00:00:00,,,
2933.516,2018-03-27 00:00:00,,,
1504.702,2018-03-28 00:00:00,,,
81.4,2018-03-29 00:00:00,,,
656.407,2018-03-30 00:00:00,,,
4981.0108,2018-03-31 00:00:00,,,
5972.988,2018-04-01 00:00:00,,,
822.97,2018-04-02 00:00:00,,,
32.528,2018-04-03 00:00:00,,,
808.47,2018-04-04 00:00:00,,,
114.42,2018-04-06 00:00:00,,,
1971.2905,2018-04-07 00:00:00,,,
6401.93,2018-04-08 00:00:00,,,
1626.71,2018-04-09 00:00:00,,,
755.529,2018-04-10 00:00:00,,,
319.806,2018-04-11 00:00:00,,,
69.66,2018-04-12 00:00:00,,,
1345.824,2018-04-13 00:00:00,,,
652.93,2018-04-14 00:00:00,,,
332.338,2018-04-15 00:00:00,,,
944.429,2018-04-16 00:00:00,,,
3431.459,2018-04-17 00:00:00,,,
1053.614,2018-04-20 00:00:00,,,
1254.564,2018-04-21 00:00:00,,,
947.692,2018-04-22 00:00:00,,,
1199.222,2018-04-23 00:00:00,,,
928.558,2018-04-24 00:00:00,,,
678.113,2018-04-25 00:00:00,,,
61.608,2018-04-26 00:00:00,,,
576.5756,2018-04-27 00:00:00,,,
795.296,2018-04-28 00:00:00,,,
1053.26,2018-04-29 00:00:00,,,
1390.126,2018-04-30 00:00:00,,,
4108.37,2018-05-01 00:00:00,,,
399.11,2018-05-02 00:00:00,,,
1386.346,2018-05-03 00:00:00,,,
1146.245,2018-05-04 00:00:00,,,
185.123,2018-05-05 00:00:00,,,
2991.4018,2018-05-06 00:00:00,,,
2549.468,2018-05-07 00:00:00,,,
3658.554,2018-05-08 00:00:00,,,
1078.222,2018-05-09 00:00:00,,,
449.469,2018-05-11 00:00:00,,,
970.384,2018-05-12 00:00:00,,,
3066.378,2018-05-13 00:00:00,,,
4182.062,2018-05-14 00:00:00,,,
421.264,2018-05-15 00:00:00,,,
221.024,2018-05-16 00:00:00,,,
1830.508,2018-05-18 00:00:00,,,
4919.182,2018-05-19 00:00:00,,,
2997.578,2018-05-20 00:00:00,,,
538.02,2018-05-21 00:00:00,,,
336.562,2018-05-22 00:00:00,,,
241.436,2018-05-23 00:00:00,,,
886.026,2018-05-25 00:00:00,,,
270.24,2018-05-26 00:00:00,,,
2084.908,2018-05-27 00:00:00,,,
1480.103,2018-05-28 00:00:00,,,
691.108,2018-05-29 00:00:00,,,
736.8904,2018-05-30 00:00:00,,,
586.042,2018-06-01 00:00:00,,,
135.706,2018-06-02 00:00:00,,,
2952.036,2018-06-03 00:00:00,,,
279.414,2018-06-04 00:00:00,,,
491.112,2018-06-05 00:00:00,,,
31.35,2018-06-06 00:00:00,,,
2227.038,2018-06-08 00:00:00,,,
939.133,2018-06-09 00:00:00,,,
2513.343,2018-06-10 00:00:00,,,
1580.894,2018-06-11 00:00:00,,,
1679.968,2018-06-12 00:00:00,,,
1156.018,2018-06-13 00:00:00,,,
4057.51,2018-06-15 00:00:00,,,
2724.194,2018-06-16 00:00:00,,,
3896.672,2018-06-17 00:00:00,,,
1031.1555,2018-06-18 00:00:00,,,
1900.193,2018-06-19 00:00:00,,,
1028.228,2018-06-20 00:00:00,,,
595.656,2018-06-21 00:00:00,,,
579.019,2018-06-22 00:00:00,,,
1184.684,2018-06-24 00:00:00,,,
1508.352,2018-06-25 00:00:00,,,
4224.136,2018-06-26 00:00:00,,,
1644.906,2018-06-27 00:00:00,,,
4521.9912,2018-06-29 00:00:00,,,
4721.977,2018-06-30 00:00:00,,,
639.83,2018-07-01 00:00:00,,,
169.192,2018-07-02 00:00:00,,,
6963.404,2018-07-03 00:00:00,,,
476.354,2018-07-05 00:00:00,,,
380.378,2018-07-06 00:00:00,,,
1620.25,2018-07-07 00:00:00,,,
1980.264,2018-07-08 00:00:00,,,
1671.214,2018-07-09 00:00:00,,,
359.214,2018-07-10 00:00:00,,,
1728.892,2018-07-11 00:00:00,,,
3.816,2018-07-12 00:00:00,,,
504.542,2018-07-13 00:00:00,,,
3598.934,2018-07-14 00:00:00,,,
2132.229,2018-07-15 00:00:00,,,
74.284,2018-07-16 00:00:00,,,
2191.873,2018-07-17 00:00:00,,,
2106.794,2018-07-18 00:00:00,,,
2283.208,2018-07-20 00:00:00,,,
3683.832,2018-07-21 00:00:00,,,
556.314,2018-07-22 00:00:00,,,
898.188,2018-07-23 00:00:00,,,
2399.96,2018-07-24 00:00:00,,,
798.742,2018-07-25 00:00:00,,,
2012.302,2018-07-26 00:00:00,,,
947.832,2018-07-27 00:00:00,,,
1170.564,2018-07-28 00:00:00,,,
1391.294,2018-07-29 00:00:00,,,
523.376,2018-07-30 00:00:00,,,
1558.028,2018-07-31 00:00:00,,,
2085.65,2018-08-01 00:00:00,,,
514.828,2018-08-03 00:00:00,,,
20.07,2018-08-04 00:00:00,,,
503.676,2018-08-05 00:00:00,,,
1424.026,2018-08-06 00:00:00,,,
3479.624,2018-08-07 00:00:00,,,
1823.07,2018-08-10 00:00:00,,,
708.726,2018-08-11 00:00:00,,,
3693.084,2018-08-12 00:00:00,,,
2643.164,2018-08-13 00:00:00,,,
440.736,2018-08-14 00:00:00,,,
1949.872,2018-08-15 00:00:00,,,
80.564,2018-08-16 00:00:00,,,
9517.288,2018-08-17 00:00:00,,,
7078.484,2018-08-18 00:00:00,,,
512.446,2018-08-19 00:00:00,,,
692.95,2018-08-20 00:00:00,,,
8284.534,2018-08-21 00:00:00,,,
524.54,2018-08-22 00:00:00,,,
4590.344,2018-08-23 00:00:00,,,
685.056,2018-08-24 00:00:00,,,
361.988,2018-08-25 00:00:00,,,
190.66,2018-08-26 00:00:00,,,
6190.538,2018-08-27 00:00:00,,,
1443.632,2018-08-28 00:00:00,,,
235.468,2018-08-29 00:00:00,,,
3162.83,2018-08-31 00:00:00,,,
1261.81,2018-09-01 00:00:00,,,
8652.334,2018-09-02 00:00:00,,,
1595.849,2018-09-03 00:00:00,,,
5360.202,2018-09-04 00:00:00,,,
327.044,2018-09-05 00:00:00,,,
3848.565,2018-09-07 00:00:00,,,
2184.327,2018-09-08 00:00:00,,,
4356.061,2018-09-09 00:00:00,,,
2506.646,2018-09-10 00:00:00,,,
5564.006,2018-09-11 00:00:00,,,
491.55,2018-09-12 00:00:00,,,
15.92,2018-09-13 00:00:00,,,
3471.403,2018-09-14 00:00:00,,,
7285.026,2018-09-15 00:00:00,,,
831.65,2018-09-16 00:00:00,,,
4979.226,2018-09-17 00:00:00,,,
1511.93,2018-09-18 00:00:00,,,
1648.188,2018-09-19 00:00:00,,,
7359.918,2018-09-20 00:00:00,,,
338.172,2018-09-21 00:00:00,,,
7871.213,2018-09-22 00:00:00,,,
2395.786,2018-09-23 00:00:00,,,
6450.462,2018-09-24 00:00:00,,,
1412.213,2018-09-25 00:00:00,,,
1486.576,2018-09-26 00:00:00,,,
559.271,2018-09-28 00:00:00,,,
1846.78,2018-09-29 00:00:00,,,
540.76,2018-09-30 00:00:00,,,
2978.466,2018-10-01 00:00:00,,,
5418.022,2018-10-02 00:00:00,,,
2504.48,2018-10-03 00:00:00,,,
19.98,2018-10-04 00:00:00,,,
6684.616,2018-10-05 00:00:00,,,
1180.82,2018-10-06 00:00:00,,,
2749.21,2018-10-07 00:00:00,,,
608.356,2018-10-08 00:00:00,,,
1496.589,2018-10-09 00:00:00,,,
239.358,2018-10-10 00:00:00,,,
5625.394,2018-10-12 00:00:00,,,
8405.802,2018-10-13 00:00:00,,,
134.332,2018-10-14 00:00:00,,,
1017.94,2018-10-15 00:00:00,,,
3473.597,2018-10-16 00:00:00,,,
126.352,2018-10-17 00:00:00,,,
2781.8702,2018-10-19 00:00:00,,,
1333.858,2018-10-20 00:00:00,,,
4537.201,2018-10-21 00:00:00,,,
15158.877,2018-10-22 00:00:00,,,
3352.394,2018-10-23 00:00:00,,,
529.085,2018-10-24 00:00:00,,,
999.868,2018-10-26 00:00:00,,,
1086.32,2018-10-27 00:00:00,,,
408.726,2018-10-28 00:00:00,,,
46.96,2018-10-29 00:00:00,,,
4025.73,2018-10-30 00:00:00,,,
523.928,2018-10-31 00:00:00,,,
2921.43,2018-11-01 00:00:00,,,
6294.386,2018-11-02 00:00:00,,,
4536.937,2018-11-03 00:00:00,,,
10668.096,2018-11-04 00:00:00,,,
2355.064,2018-11-05 00:00:00,,,
4288.75,2018-11-06 00:00:00,,,
2413.378,2018-11-07 00:00:00,,,
384.1,2018-11-08 00:00:00,,,
4751.492,2018-11-09 00:00:00,,,
4007.548,2018-11-10 00:00:00,,,
1815.218,2018-11-11 00:00:00,,,
2911.386,2018-11-12 00:00:00,,,
6633.4202,2018-11-13 00:00:00,,,
834.658,2018-11-14 00:00:00,,,
559.2,2018-11-15 00:00:00,,,
4755.234,2018-11-16 00:00:00,,,
13408.7928,2018-11-17 00:00:00,,,
1469.756,2018-11-18 00:00:00,,,
7397.272,2018-11-19 00:00:00,,,
2988.274,2018-11-20 00:00:00,,,
2236.184,2018-11-21 00:00:00,,,
35.712,2018-11-22 00:00:00,,,
1153.109,2018-11-23 00:00:00,,,
4736.061,2018-11-24 00:00:00,,,
3666.157,2018-11-25 00:00:00,,,
5048.172,2018-11-26 00:00:00,,,
1618.254,2018-11-27 00:00:00,,,
6912.944,2018-11-28 00:00:00,,,
491.888,2018-11-29 00:00:00,,,
6645.282,2018-11-30 00:00:00,,,
5331.178,2018-12-01 00:00:00,,,
9951.182,2018-12-02 00:00:00,,,
1403.842,2018-12-03 00:00:00,,,
2639.638,2018-12-04 00:00:00,,,
1453.136,2018-12-05 00:00:00,,,
10.68,2018-12-06 00:00:00,,,
2916.514,2018-12-07 00:00:00,,,
7643.041,2018-12-08 00:00:00,,,
5470.39,2018-12-09 00:00:00,,,
3873.559,2018-12-10 00:00:00,,,
2025.035,2018-12-11 00:00:00,,,
580.936,2018-12-13 00:00:00,,,
3897.714,2018-12-14 00:00:00,,,
306.888,2018-12-15 00:00:00,,,
858.702,2018-12-16 00:00:00,,,
2027.758,2018-12-17 00:00:00,,,
3645.911,2018-12-18 00:00:00,,,
1895.926,2018-12-19 00:00:00,,,
377.736,2018-12-20 00:00:00,,,
2140.94,2018-12-21 00:00:00,,,
7442.021,2018-12-22 00:00:00,,,
1926.776,2018-12-23 00:00:00,,,
6233.054,2018-12-24 00:00:00,,,
2698.927,2018-12-25 00:00:00,,,
814.594,2018-12-26 00:00:00,,,
177.636,2018-12-27 00:00:00,,,
1657.3508,2018-12-28 00:00:00,,,
2915.534,2018-12-29 00:00:00,,,
713.79,2018-12-30 00:00:00,713.79,713.79,713.79
,2018-12-31 00:00:00,560.7716952542823,4747.980416307528,'-3626.437025798963
,2019-01-01 00:00:00,1637.3371994625877,5845.429884088367,'-2570.755485163191
,2019-01-02 00:00:00,752.4093127651614,4981.282828388163,'-3476.46420285784
,2019-01-03 00:00:00,370.07503277990327,4619.627759817689,'-3879.477694257883
,2019-01-04 00:00:00,295.990989872098,4566.122785099375,'-3974.1408053551786
,2019-01-05 00:00:00,233.99109961218073,4524.603260755107,'-4056.6210615307455
,2019-01-06 00:00:00,1577.24511469075,5888.240346198692,'-2733.750116817193
,2019-01-07 00:00:00,920.796758609851,5252.079138554717,'-3410.485621335015
,2019-01-08 00:00:00,690.37145862208,5041.846406677912,'-3661.1034894337513
,2019-01-09 00:00:00,382.6725322510463,4754.246778708968,'-3988.901714206875
,2019-01-10 00:00:00,418.02807642484777,4809.609632200716,'-3973.55347935102
,2019-01-11 00:00:00,455.1346574579122,4866.632785052146,'-3956.3634701363217
,2019-01-12 00:00:00,824.5262014854553,5255.85138685654,'-3606.7989838856292
,2019-01-13 00:00:00,483.59871631453916,4934.662641629556,'-3967.4652090004774
,2019-01-14 00:00:00,393.52058208453127,4864.236099311876,'-4077.194935142814
,2019-01-15 00:00:00,1330.9221395628515,5821.2032448739665,'-3159.358965748263
,2019-01-16 00:00:00,1055.609603119405,5565.371412067928,'-3454.1522058291184
,2019-01-17 00:00:00,804.4653532730862,5333.624076721326,'-3724.693370175153
,2019-01-18 00:00:00,575.0781711938084,5123.551091957868,'-3973.394749570252
,2019-01-19 00:00:00,470.08671451376927,5037.792164699954,'-4097.618735672416
,2019-01-20 00:00:00,571.2632779277396,5158.1206169341785,'-4015.594061078699
,2019-01-21 00:00:00,1130.3926026258096,5736.322195784379,'-3475.53699053276
,2019-01-22 00:00:00,9.790660037789621,4634.7138578725935,'-4615.132537797015
,2019-01-23 00:00:00,1722.9107605595839,6366.749878639273,'-2920.928357520106
,2019-01-24 00:00:00,2089.7539459860463,6752.432245348313,'-2572.92435337622
,2019-01-25 00:00:00,1708.8271213695878,6390.268789497093,'-2972.614546757917
,2019-01-26 00:00:00,895.9103742654152,5596.040506593358,'-3804.219758062528
,2019-01-27 00:00:00,794.6920513223328,5513.436633258691,'-3924.052530614025
,2019-01-28 00:00:00,1392.362459790627,6129.648349230948,'-3344.9234296496934
,2019-01-29 00:00:00,1188.6388404740142,5944.393750793406,'-3567.116069845378
,2019-01-30 00:00:00,528.3300938761276,5302.482577381829,'-4245.822389629574
,2019-01-31 00:00:00,4387.999948495441,9180.479380324054,'-404.47948333317254
,2019-02-01 00:00:00,1218.7293896129916,6029.46595205714,'-3592.0071728311577
,2019-02-02 00:00:00,1208.3005761859063,6037.225243435707,'-3620.624091063894
,2019-02-03 00:00:00,1429.5948031009307,6276.639326386252,'-3417.449720184391
,2019-02-04 00:00:00,443.75879180696893,5308.855684927072,'-4421.338101313135
,2019-02-05 00:00:00,865.9547549031131,5749.03728013075,'-4017.127770324524
,2019-02-06 00:00:00,870.5161810964502,5771.518335444086,'-4030.485973251186
,2019-02-07 00:00:00,299.09049981741714,5217.947001653674,'-4619.76600201884
,2019-02-08 00:00:00,398.2490267603255,5334.895302765267,'-4538.397249244616
,2019-02-09 00:00:00,447.80504598597577,5402.177218434277,'-4506.567126462325
,2019-02-10 00:00:00,1155.647611618906,6127.682485980382,'-3816.38726274257
,2019-02-11 00:00:00,854.3270103585002,5843.96206320589,'-4135.30804248889
,2019-02-12 00:00:00,550.8331071853984,5558.006474399682,'-4456.3402600288855
,2019-02-13 00:00:00,363.192588198498,5387.843053462392,'-4661.457877065396
,2019-02-14 00:00:00,662.1841257201287,5704.251109290786,'-4379.882857850529
,2019-02-15 00:00:00,606.433690094429,5665.857237846678,'-4452.98985765782
,2019-02-16 00:00:00,693.601440119898,5770.322212851702,'-4383.1193326119055
,2019-02-17 00:00:00,1238.2255612407273,6332.18482423285,'-3855.7337017513955
,2019-02-18 00:00:00,174.93988217604533,5286.079494998207,'-4936.199730646117
,2019-02-19 00:00:00,762.4753147133127,5890.737721269409,'-4365.787091842784
,2019-02-20 00:00:00,425.7005010828286,5571.028719888037,'-4719.627717722379
,2019-02-21 00:00:00,43.55822115594765,5205.895835838836,'-5118.779393526941
,2019-02-22 00:00:00,275.550327804096,5454.841477827085,'-4903.740822218893
,2019-02-23 00:00:00,719.6814139168036,5915.870785508557,'-4476.5079576749495
,2019-02-24 00:00:00,483.0751533204573,5696.107970614029,'-4729.957663973114
,2019-02-25 00:00:00,782.4555130773381,6012.277529448104,'-4447.366503293429
,2019-02-26 00:00:00,925.7118341629046,6172.26932376054,'-4320.84565543473
,2019-02-27 00:00:00,2999.7093467981363,8262.949096267057,'-2263.530402670785
,2019-02-28 00:00:00,3495.5328202947885,8775.402120677736,'-1784.33648008816
,2019-03-01 00:00:00,3988.083129859651,9284.529768679207,'-1308.3635089599052
,2019-03-02 00:00:00,1343.3925034600697,6656.3647569731265,'-3969.579750052987
,2019-03-03 00:00:00,892.9481518863611,6222.394777506723,'-4436.498473734
,2019-03-04 00:00:00,937.5923399399038,6283.462568824337,'-4408.27788894453
,2019-03-05 00:00:00,1250.7056524058185,6612.949182199065,'-4111.537877387429
,2019-03-06 00:00:00,1263.1088120590055,6641.6757997933955,'-4115.458175675384
,2019-03-07 00:00:00,553.4452697538845,5948.286324899331,'-4841.395785391562
,2019-03-08 00:00:00,3573.932055167853,8984.998232828173,'-1837.1341224924672
,2019-03-09 00:00:00,756.8795528347483,6184.122347086367,'-4670.363241416871
,2019-03-10 00:00:00,1557.5434591314472,7000.914796500666,'-3885.827878237772
,2019-03-11 00:00:00,4123.489110024253,9582.941343099417,'-1335.9631230509121
,2019-03-12 00:00:00,1149.7424041066417,6625.228305281627,'-4325.743497068344
,2019-03-13 00:00:00,5789.429588176198,11280.902343521771,297.9568328306259
,2019-03-14 00:00:00,998.295278891303,6505.708482151009,'-4509.117924368402
,2019-03-15 00:00:00,2394.135895262297,7917.443541969655,'-3129.171751445061
,2019-03-16 00:00:00,2898.6876492576275,8437.844130971484,'-2640.4688324562285
,2019-03-17 00:00:00,231.19356423321165,5786.153662888221,'-5323.766534421798
,2019-03-18 00:00:00,1169.8919907088853,6740.610873078189,'-4400.826891660419
,2019-03-19 00:00:00,1347.134451472245,6933.567663739493,'-4239.298760795003
,2019-03-20 00:00:00,704.7916654026629,6306.895127840606,'-4897.31179703528
,2019-03-21 00:00:00,1236.1058464830953,6853.835848236104,'-4381.624155269912
,2019-03-22 00:00:00,1823.1150906367343,7456.428284604604,'-3810.1981033311354
,2019-03-23 00:00:00,588.4981482973303,6237.351546117912,'-5060.355249523251
,2019-03-24 00:00:00,489.05563610862305,6153.406603236786,'-5175.295331019541
,2019-03-25 00:00:00,282.32933588996116,5962.135586770568,'-5397.476914990646
,2019-03-26 00:00:00,851.7357614778666,6546.955354810424,'-4843.483831854691
,2019-03-27 00:00:00,1232.1731719441686,6942.7645060369605,'-4478.418162148623
,2019-03-28 00:00:00,'-41.38201713183207,5684.539791079693,'-5767.303825343357
,2019-03-29 00:00:00,279.34502403276156,6020.556370298373,'-5461.866322232849
,2019-03-30 00:00:00,1343.8208855668604,7100.281160008579,'-4412.639388874859
,2019-03-31 00:00:00,1713.6100837687734,7485.278998386301,'-4058.058830848754
,2019-04-01 00:00:00,710.3791263247662,6497.216710765762,'-5076.458458116231
,2019-04-02 00:00:00,1438.8195076480363,7240.786105055811,'-4363.147089759739
,2019-04-03 00:00:00,497.6338454226445,6314.690108359441,'-5319.422417514153
,2019-04-04 00:00:00,887.1910637192187,6719.297950163332,'-4944.9158227248945
,2019-04-05 00:00:00,1089.6756075384071,6936.794376953434,'-4757.443161876619
,2019-04-06 00:00:00,1686.0858791936143,7548.178088668158,'-4176.006330280929
,2019-04-07 00:00:00,1138.8798600986538,7015.907360554882,'-4738.147640357574
,2019-04-08 00:00:00,930.6815710655418,6822.606503535017,'-4961.243361403933
,2019-04-09 00:00:00,1353.00848346864,7259.793275433898,'-4553.776308496619
,2019-04-10 00:00:00,1838.646788081239,7760.25414988164,'-4082.9605737191623
,2019-04-11 00:00:00,'-99.35395652740954,5837.038964772978,'-6035.746877827797
,2019-04-12 00:00:00,1525.294364901342,7476.436111222127,'-4425.847381419442
,2019-04-13 00:00:00,2660.5837727304643,8626.437882037751,'-3305.270336576823
,2019-04-14 00:00:00,5019.857386055703,11000.38766541014,'-960.6728932987362
,2019-04-15 00:00:00,1202.325558630939,7197.496080893999,'-4792.844963632121
,2019-04-16 00:00:00,1605.4407833427172,7615.215883939127,'-4404.334317253692
,2019-04-17 00:00:00,1355.6635937387698,7380.007867473897,'-4668.680679996357
,2019-04-18 00:00:00,931.0853294831205,6969.963627414108,'-5107.792968447867
,2019-04-19 00:00:00,361.59842017368624,6414.975846533165,'-5691.779006185792
,2019-04-20 00:00:00,1024.476558157417,7092.31846732868,'-5043.365351013845
,2019-04-21 00:00:00,366.3091224918169,6448.581116034345,'-5715.96287105071
,2019-04-22 00:00:00,1201.2883586485718,7297.956282372845,'-4895.3795650757
,2019-04-23 00:00:00,1108.4125477068603,7219.442488797402,'-5002.617393383682
,2019-04-24 00:00:00,1345.1673758143409,7470.525659999987,'-4780.190908371305
,2019-04-25 00:00:00,1874.8343210354383,8014.487509805824,'-4264.818867734948
,2019-04-26 00:00:00,293.63318247038455,6447.548070337702,'-5860.281705396932
,2019-04-27 00:00:00,855.5805625281474,7023.724174333213,'-5312.563049276919
,2019-04-28 00:00:00,323.1568776701081,6505.496465931844,'-5859.182710591628
,2019-04-29 00:00:00,399.39978741849336,6595.9028297259,'-5797.103254888913
,2019-04-30 00:00:00,1598.5747319246284,7809.208928370397,'-4612.05946452114
,2019-05-01 00:00:00,913.9039558619961,7138.63722651691,'-5310.829314792918
,2019-05-02 00:00:00,1309.0406491304284,7547.841131557709,'-4929.759833296852
,2019-05-03 00:00:00,1558.5561050948893,7811.39215190369,'-4694.279941713912
,2019-05-04 00:00:00,218.29603723466744,6485.136213671925,'-6048.54413920259
,2019-05-05 00:00:00,4063.5257605862357,10344.338842166104,'-2217.287320993632
,2019-05-06 00:00:00,916.8558915640878,7211.610861734209,'-5377.899078606033
,2019-05-07 00:00:00,956.9318940111317,7265.597941855009,'-5351.7341538327455
,2019-05-08 00:00:00,485.0050446578766,6807.551562632634,'-5837.54147331688
,2019-05-09 00:00:00,446.8361099016506,6783.232691610483,'-5889.560471807181
,2019-05-10 00:00:00,460.17203926496813,6810.388477263599,'-5890.044398733664
,2019-05-11 00:00:00,1606.1208788931206,7970.127162529606,'-4757.885404743364
,2019-05-12 00:00:00,464.5274230725265,6842.29373635975,'-5913.238890214698
,2019-05-13 00:00:00,766.309656409291,7157.806375929527,'-5625.187063110945
,2019-05-14 00:00:00,308.5113767959324,6713.709069636849,'-6096.686316044983
,2019-05-15 00:00:00,77.19594563689793,6496.065367358393,'-6341.6734760845975
,2019-05-16 00:00:00,390.3517085248686,6822.863801156167,'-6042.16038410643
,2019-05-17 00:00:00,793.8039519666681,7239.929842033082,'-5652.321938099746
,2019-05-18 00:00:00,1435.7331952927402,7895.444191871547,'-5023.977801286066
,2019-05-19 00:00:00,2861.343981799324,9334.611574604198,'-3611.923611005551
,2019-05-20 00:00:00,1211.9756037773898,7698.7714612708605,'-5274.820253716081
,2019-05-21 00:00:00,4688.401305881902,11188.69727341531,'-1811.8946616515068
,2019-05-22 00:00:00,968.55163668897,7482.319734669411,'-5545.216461291472
,2019-05-23 00:00:00,987.3871851914992,7514.599607275247,'-5539.8252368922485
,2019-05-24 00:00:00,1325.804416127594,7866.43352743952,'-5214.824695184332
,2019-05-25 00:00:00,2682.2908903417137,9236.309225720222,'-3871.727445036794
,2019-05-26 00:00:00,1608.5537111336182,8175.933973400629,'-4958.826551133393
,2019-05-27 00:00:00,1230.4514731368126,7811.166531392333,'-5350.263585118708
,2019-05-28 00:00:00,5585.401697454679,12179.424585395514,'-1008.6211904861566
,2019-05-29 00:00:00,671.5139051094279,7278.817819371601,'-5935.790009152746
,2019-05-30 00:00:00,641.8540039666981,7262.412302491142,'-5978.704294557747
,2019-05-31 00:00:00,645.8946235759914,7279.680823997101,'-5987.891576845118
,2019-06-01 00:00:00,1124.4890168622153,7771.476794918843,'-5522.4987611944125
,2019-06-02 00:00:00,1914.3495750129696,8574.512762981478,'-4745.813612955538
,2019-06-03 00:00:00,803.3395920220621,7476.652177171019,'-5869.972993126895
,2019-06-04 00:00:00,2742.676606058888,9429.112729125056,'-3943.759517007279
,2019-06-05 00:00:00,98.37945903160517,6797.913412716798,'-6601.154494653589
,2019-06-06 00:00:00,797.1463941252941,7509.752621613794,'-5915.459833363206
,2019-06-07 00:00:00,1756.145051340342,8481.79814483647,'-4969.508042155785
,2019-06-08 00:00:00,2028.648889538486,8767.323588823998,'-4710.025809747025
,2019-06-09 00:00:00,995.1444718058748,7746.815662816833,'-5756.526719205083
,2019-06-10 00:00:00,1886.0944617592686,8650.737175182054,'-4878.548251663516
,2019-06-11 00:00:00,383.5417344746181,7161.131144360747,'-6394.047675411511
,2019-06-12 00:00:00,2045.2339417691724,8835.745364168612,'-4745.277480630268
,2019-06-13 00:00:00,1691.269566562298,8494.678458174936,'-5112.139325050341
,2019-06-14 00:00:00,1562.7504083618078,8379.032365206796,'-5253.53154848318
,2019-06-15 00:00:00,2343.641465712382,9172.772221815034,'-4485.489290390271
,2019-06-16 00:00:00,1002.5147606573761,7844.470186753328,'-5839.440665438575
,2019-06-17 00:00:00,449.4839093715684,7304.240011627904,'-6405.272192884768
,2019-06-18 00:00:00,602.043407636524,7469.576326389599,'-6265.4895111165515
,2019-06-19 00:00:00,1013.0038071230864,7893.289815632744,'-5867.282201386571
,2019-06-20 00:00:00,956.0373045246643,7849.0528077446015,'-5936.978198695273
,2019-06-21 00:00:00,1359.9276128524834,8265.64914621647,'-5545.7939205115035
,2019-06-22 00:00:00,2589.587420974335,9507.991649198044,'-4328.816807249374
,2019-06-23 00:00:00,1178.4833051160076,8109.547021014191,'-5752.580410782176
,2019-06-24 00:00:00,1420.8333165392585,8364.53343985802,'-5522.866806779502
,2019-06-25 00:00:00,1174.9297691044292,8131.2433453683425,'-5781.383807159484
,2019-06-26 00:00:00,633.8826740951886,7602.786873469024,'-6335.021525278646
,2019-06-27 00:00:00,609.3794437226331,7590.851559887455,'-6372.092672442188
,2019-06-28 00:00:00,1214.7126712478575,8208.730120291257,'-5779.304777795543
,2019-06-29 00:00:00,1463.206573234311,8469.746892554553,'-5543.333746085931
,2019-06-30 00:00:00,1021.0778306404663,8040.118677864312,'-5997.96301658338
